{"sessionid":"FA49B314-3DBF-48B8-8100-92A27542D63C","sessionip":"104.149.144.122","match_type":"Echo_Combat","map_name":"mpl_combat_gauss","right_shoulder_pressed2":0.0,"teams":[{"players":[{"rhand":{"pos":[183.99901,-15.474001,33.229],"forward":[-0.063000001,-0.85200006,0.52000004],"left":[0.62300003,-0.44100001,-0.64700001],"up":[0.78000003,0.28300002,0.55800003]},"playerid":0,"name":"DiffluentJets","userid":5355331367826091,"number":87,"Weapon":"rocket","level":50,"ping":32,"Ordnance":"det","TacMod":"wraith","packetlossratio":0.0,"Arm":"Left","head":{"position":[184.18401,-14.625001,33.073002],"forward":[0.38200003,-0.24300002,0.89200002],"left":[0.91800004,-0.014,-0.39600003],"up":[0.109,0.97000003,0.21800001]},"body":{"position":[184.18401,-14.625001,33.073002],"forward":[-0.44700003,0.0020000001,0.89400005],"left":[0.89400005,0.0,0.44700003],"up":[0.001,1.0,-0.0020000001]},"lhand":{"pos":[184.244,-15.394001,33.221001],"forward":[-0.19500001,-0.56700003,0.80100006],"left":[0.56300002,0.60400003,0.56400001],"up":[-0.80300003,0.56100005,0.20200001]},"velocity":[0.031000001,0.0,0.0]},{"rhand":{"pos":[185.98401,-15.574,32.246002],"forward":[0.63200003,-0.76100004,-0.147],"left":[-0.76800001,-0.59100002,-0.24800001],"up":[0.10200001,0.27000001,-0.95800006]},"playerid":1,"name":"keyboardWillie","userid":1303047163134584,"number":0,"Weapon":"assault","level":50,"ping":64,"Ordnance":"stun","TacMod":"heal","packetlossratio":0.0,"Arm":"Right","head":{"position":[185.994,-14.623001,32.586002],"forward":[0.19500001,0.0,0.98100007],"left":[0.98100007,0.0,-0.19500001],"up":[0.0,1.0,-0.001]},"body":{"position":[185.994,-14.623001,32.586002],"forward":[0.149,0.64600003,0.74900001],"left":[0.94900006,-0.30600002,0.075000003],"up":[0.27800003,0.69900006,-0.65900004]},"lhand":{"pos":[186.173,-15.606001,32.195],"forward":[-0.53800005,-0.80100006,-0.26300001],"left":[-0.35600001,0.49900001,-0.79000002],"up":[0.76400006,-0.33100003,-0.55300003]},"velocity":[0.0,0.0,0.0]},{"rhand":{"pos":[187.83701,-15.112,32.509003],"forward":[-0.39800003,-0.22900002,0.88800007],"left":[0.91700006,-0.13000001,0.37800002],"up":[0.029000001,0.96500003,0.26200002]},"playerid":3,"name":"Reality_Checkk","userid":3005909836138374,"number":35,"Weapon":"assault","level":24,"ping":56,"Ordnance":"det","TacMod":"wraith","packetlossratio":0.0,"Arm":"Left","head":{"position":[188.00401,-14.626,32.405003],"forward":[-0.001,-0.46900001,0.88300002],"left":[0.99000007,0.125,0.067000002],"up":[-0.142,0.87400001,0.46400002]},"body":{"position":[188.00401,-14.626,32.405003],"forward":[0.13000001,0.001,0.99100006],"left":[0.99100006,-0.0020000001,-0.13000001],"up":[0.001,1.0,-0.001]},"lhand":{"pos":[187.89101,-15.058001,32.282001],"forward":[-0.72900003,-0.080000006,-0.68000001],"left":[-0.66700006,0.30900002,0.67900002],"up":[0.155,0.94800007,-0.27900001]},"velocity":[0.0020000001,0.0,0.012]},{"rhand":{"pos":[189.886,-14.955001,32.797001],"forward":[-0.078000002,0.23400001,0.96900004],"left":[0.99400002,0.094000004,0.057000004],"up":[-0.078000002,0.96800005,-0.24000001]},"playerid":7,"name":"MoonlitJolteon","userid":4868237096584782,"number":47,"Weapon":"rocket","level":24,"ping":89,"Ordnance":"det","TacMod":"wraith","packetlossratio":0.0,"Arm":"Right","head":{"position":[190.00801,-14.625001,32.582001],"forward":[-0.18900001,-0.17900001,0.96500003],"left":[0.97900003,0.038000003,0.19900002],"up":[-0.073000006,0.98300004,0.16800001]},"body":{"position":[190.00801,-14.625001,32.582001],"forward":[-0.19700001,0.001,0.98000002],"left":[0.98000002,-0.0020000001,0.19700001],"up":[0.0020000001,1.0,-0.001]},"lhand":{"pos":[189.93901,-14.983001,32.719002],"forward":[-0.38700002,0.87400001,0.29200003],"left":[0.41200003,-0.119,0.90300006],"up":[0.82500005,0.47000003,-0.31400001]},"velocity":[0.0,0.0,0.0]}],"team":"BLUE TEAM"},{"players":[{"rhand":{"pos":[184.13701,-10.789001,33.387001],"forward":[0.60900003,-0.16100001,0.77700001],"left":[0.71200001,0.54300004,-0.44500002],"up":[-0.35000002,0.82400006,0.44500002]},"playerid":2,"name":"Swift_Hex","userid":3537344712947617,"number":99,"Weapon":"assault","level":50,"ping":37,"Ordnance":"det","TacMod":"wraith","packetlossratio":0.0,"Arm":"Right","head":{"position":[184.05801,-10.254001,33.0],"forward":[0.38200003,-0.060000002,0.92200005],"left":[0.91600007,-0.10700001,-0.38700002],"up":[0.12200001,0.99200004,0.014]},"body":{"position":[184.05801,-10.254001,33.0],"forward":[-0.98200005,0.001,0.19100001],"left":[0.19100001,0.001,0.98200005],"up":[0.001,1.0,-0.0020000001]},"lhand":{"pos":[184.423,-10.77,32.882],"forward":[0.99900007,0.025,0.037],"left":[0.041000001,-0.171,-0.98400003],"up":[-0.018000001,0.98500007,-0.17200001]},"velocity":[0.047000002,-0.039000001,0.088000007]},{"rhand":{"pos":[185.783,-10.611,32.759003],"forward":[0.18700001,-0.033,0.98200005],"left":[0.81100005,0.56900001,-0.13600001],"up":[-0.55400002,0.82200003,0.133]},"playerid":4,"name":"robomouse83","userid":1674392765936777,"number":35,"Weapon":"blaster","level":4,"ping":36,"Ordnance":"burst","TacMod":"shield","packetlossratio":0.0,"Arm":"Left","head":{"position":[185.86301,-10.256001,32.499001],"forward":[0.18400002,-0.27100003,0.94500005],"left":[0.97500002,-0.073000006,-0.21100001],"up":[0.126,0.96000004,0.25]},"body":{"position":[185.86301,-10.256001,32.499001],"forward":[0.21200001,0.0020000001,0.97700006],"left":[0.97700006,-0.001,-0.21200001],"up":[0.001,1.0,-0.0020000001]},"lhand":{"pos":[186.022,-10.637,32.725002],"forward":[0.112,-0.333,0.93600005],"left":[0.98800004,0.134,-0.07],"up":[-0.10200001,0.93400002,0.34400001]},"velocity":[0.0,0.0,0.0]},{"rhand":{"pos":[187.742,-10.777,32.475002],"forward":[-0.087000005,-0.15300001,0.98400003],"left":[0.95800006,-0.28500003,0.041000001],"up":[0.27400002,0.94600004,0.171]},"playerid":5,"name":"redstonebrain40","userid":3492517590817345,"number":40,"Weapon":"assault","level":50,"ping":74,"Ordnance":"det","TacMod":"shield","packetlossratio":0.0,"Arm":"Right","head":{"position":[187.87201,-10.253,32.336002],"forward":[0.0,0.001,1.0],"left":[1.0,-0.0020000001,0.0],"up":[0.0020000001,1.0,-0.001]},"body":{"position":[187.87201,-10.253,32.336002],"forward":[0.0,0.0020000001,1.0],"left":[1.0,-0.001,0.0],"up":[0.001,1.0,-0.0020000001]},"lhand":{"pos":[188.12502,-11.080001,32.521],"forward":[0.126,-0.85300004,0.50600004],"left":[0.77600002,0.40300003,0.48600003],"up":[-0.61800003,0.33100003,0.71300006]},"velocity":[0.0,0.0,0.0]},{"rhand":{"pos":[189.73001,-11.128,32.624001],"forward":[0.101,-0.86700004,0.48800004],"left":[0.32300001,-0.43500003,-0.84000003],"up":[0.94100004,0.24200001,0.23600002]},"playerid":6,"name":"xshifter","userid":3023322854444541,"number":0,"Weapon":"assault","level":50,"ping":37,"Ordnance":"stun","TacMod":"sensor","packetlossratio":0.0,"Arm":"Right","head":{"position":[189.87901,-10.253,32.506001],"forward":[-0.18900001,-0.015000001,0.98200005],"left":[0.98100007,0.032000002,0.19000001],"up":[-0.034000002,0.99900007,0.0090000005]},"body":{"position":[189.87901,-10.253,32.506001],"forward":[0.62200004,0.0,0.78300005],"left":[0.78300005,-0.0020000001,-0.62200004],"up":[0.0020000001,1.0,-0.001]},"lhand":{"pos":[190.05301,-11.138,32.508003],"forward":[-0.012,-0.90800005,0.41800001],"left":[0.74900001,0.26900002,0.60500002],"up":[-0.66200006,0.32100001,0.67700005]},"velocity":[0.042000003,0.0,0.0]}],"team":"ORANGE TEAM"},{"players":[{"rhand":{"pos":[189.12701,-11.599001,31.873001],"forward":[-0.38300002,0.0,0.92400002],"left":[0.92400002,0.0,0.38300002],"up":[0.0,1.0,0.0]},"playerid":8,"name":"Dualgame","userid":1692359857475604,"number":36,"Weapon":"blaster","level":50,"ping":85,"Ordnance":"burst","TacMod":"heal","packetlossratio":0.0,"Arm":"Right","head":{"position":[189.50401,-11.599001,31.618002],"forward":[-0.38300002,0.0,0.92400002],"left":[0.92400002,0.0,0.38300002],"up":[0.0,1.0,0.0]},"body":{"position":[189.50401,-11.599001,31.618002],"forward":[-0.38300002,0.0,0.92400002],"left":[0.92400002,0.0,0.38300002],